id,full_name,passport_series,passport_number,address
1,Alonso Hopkins Caleb,!2303,}160716,452 Cobblestone St.
2,Kaydence Sellers Susannah,!5563,}160745,"Hyattsville, MD 20782"
3,Finnegan Bray Brighton,!3719,}717453,9648 Philmont Lane
4,Gideon Arias Varian,!5810,}721066,"Hanover Park, IL 60133"
5,Case Schultz Aiden,!2208,}937197,8438 North Fairground Court
6,Pierre Alvarado Harriet,!7184,}275223,"Woodstock, GA 30188"
7,Esteban Bell Cameron,!9563,}574791,148 Catherine Dr.
8,Spencer Anderson Meaghan,!9008,}379623,"Lithonia, GA 30038"
9,Seth Sweeney Jax,!3810,}530169,708 6th Drive
10,Lincoln Mason Emeline,!5387,}689700,"Egg Harbor Township, NJ 08234"
11,Lindsay Curtis Syllable,!1152,}481271,8992 Union Rd.
12,Noah Daugherty Thomas,!2924,}764363,"Villa Park, IL 60181"
13,Darien Sellers Nadeen,!5110,}869140,12 Windsor St.
14,Jaylene Schneider Xavier,!6948,}84332,"Waynesboro, PA 17268"
15,Leonard Schmitt Vincent,!7045,}366325,549 Lake View Dr.
16,Maya Richardson Heath,!7100,}947091,"Garland, TX 75043"
17,Thalia Delacruz Caprice,!9169,}340517,314 N. Gulf Lane
18,Maci Baird Dustin,!3097,}188032,"Hollywood, FL 33020"
19,Ace Stephenson Amity,!7796,}170860,3 Cooper Street
20,Robert Castro Isaiah,!5001,}550223,"Coventry, RI 02816"
21,Efrain Stark Jared,!4204,}741281,53 E. Marvon St.
22,Katelynn Montgomery Drake,!1209,}731500,"Jamaica Plain, MA 02130"
23,Sammy Freeman Lane,!1085,}749551,15 Indian Summer St.
24,Jamal Stokes Rayleen,!7125,}277444,"Canton, GA 30114"
25,Lilliana Bell Quintin,!4858,}465200,1 Rockville Ave.
26,Jaidyn Ali Kaitlin,!9255,}131955,"Piedmont, SC 29673"
27,Solomon Nixon Jolee,!3965,}425455,154 Galvin Ave.
28,Isaias Mcdowell Kalan,!4368,}409875,"Savannah, GA 31404"
29,Neveah Dean Evony,!9283,}299023,56 Annadale Dr.
30,Alonso Hopkins Caleb,!4065,}664366,"Lititz, PA 17543"
31,Kaydence Sellers Susannah,!4877,}252066,7285 Locust Drive
32,Finnegan Bray Brighton,!8656,}317830,"Jackson Heights, NY 11372"
33,Gideon Arias Varian,!1583,}513755,935 West Ave.
34,Case Schultz Aiden,!2179,}517256,"Columbus, GA 31904"
35,Pierre Alvarado Harriet,!5244,}495362,720 Summerhouse Street
36,Esteban Bell Cameron,!9584,}586486,"Maryville, TN 37803"
37,Spencer Anderson Meaghan,!1850,}453434,139 N. Grand St.
38,Seth Sweeney Jax,!4286,}976952,"Irwin, PA 15642"
39,Lincoln Mason Emeline,!2767,}784535,400 Amerige St.
40,Lindsay Curtis Syllable,!7677,}990002,"Evans, GA 30809"
41,Noah Daugherty Thomas,!6342,}37367,225 Iroquois St.
42,Darien Sellers Nadeen,!8909,}475995,"Vienna, VA 22180"
43,Jaylene Schneider Xavier,!9144,}720543,44 Ocean Ave.
44,Leonard Schmitt Vincent,!6021,}143882,"Long Beach, NY 11561"
45,Maya Richardson Heath,!4607,}499410,192 West Foster St.
46,Thalia Delacruz Caprice,!4676,}263545,"Long Branch, NJ 07740"
47,Maci Baird Dustin,!6571,}27113,43 SE. Cross Court
48,Ace Stephenson Amity,!2307,}511412,"Centereach, NY 11720"
49,Robert Castro Isaiah,!4756,}956293,946 Yukon Lane
50,Efrain Stark Jared,!4693,}133588,"Winter Springs, FL 32708"
51,Katelynn Montgomery Drake,!7598,}90859,330 Poplar Lane
52,Sammy Freeman Lane,!2416,}240325,"Titusville, FL 32780"
53,Jamal Stokes Rayleen,!3896,}957754,626 Leatherwood St.
54,Lilliana Bell Quintin,!6573,}581276,"Lynn, MA 01902"
55,Jaidyn Ali Kaitlin,!2225,}886655,9971 N. Rockville Avenue
56,Solomon Nixon Jolee,!8966,}340666,"Duluth, GA 30096"
57,Isaias Mcdowell Kalan,!1754,}958143,9542 Sutor Drive
58,Neveah Dean Evony,!4434,}406702,"Phoenixville, PA 19460"
59,Alonso Hopkins Caleb,!4859,}211563,299 E. George St.
60,Kaydence Sellers Susannah,!5348,}104186,"Westport, CT 06880"
61,Finnegan Bray Brighton,!9216,}132859,7671 Tunnel Street
62,Gideon Arias Varian,!6127,}199319,"Fair Lawn, NJ 07410"
63,Case Schultz Aiden,!1102,}719495,41 Harvard Drive
64,Pierre Alvarado Harriet,!2020,}814747,"Windsor, CT 06095"
65,Esteban Bell Cameron,!4083,}683928,7219 Prospect Drive
66,Spencer Anderson Meaghan,!1270,}718764,"Rolla, MO 65401"
67,Seth Sweeney Jax,!3871,}532007,697 Cypress Lane
68,Lincoln Mason Emeline,!9827,}633690,"Arlington Heights, IL 60004"
69,Lindsay Curtis Syllable,!9350,}821275,7762 North County St.
70,Noah Daugherty Thomas,!2681,}769203,"Holly Springs, NC 27540"
71,Darien Sellers Nadeen,!4152,}160995,7773 Ridge Dr.
72,Jaylene Schneider Xavier,!4306,}595389,"New Haven, CT 06511"
73,Leonard Schmitt Vincent,!9367,}402446,551 Spruce St.
74,Maya Richardson Heath,!4536,}115339,"Mount Holly, NJ 08060"
75,Thalia Delacruz Caprice,!8478,}213639,116 Woodside St.
76,Maci Baird Dustin,!1871,}347268,"Bridgewater, NJ 08807"
77,Ace Stephenson Amity,!1567,}431190,9817 Manor St.
78,Robert Castro Isaiah,!9952,}372202,"West Des Moines, IA 50265"
79,Efrain Stark Jared,!8168,}514525,9 Prince Street
80,Katelynn Montgomery Drake,!8239,}393741,"Brookline, MA 02446"
81,Sammy Freeman Lane,!2909,}822374,549 Marvon St.
82,Jamal Stokes Rayleen,!5367,}598823,"Dundalk, MD 21222"
83,Lilliana Bell Quintin,!5298,}472573,1 Theatre Drive
84,Jaidyn Ali Kaitlin,!3605,}373737,"Lumberton, NC 28358"
85,Solomon Nixon Jolee,!8146,}691253,673 Hamilton Road
86,Isaias Mcdowell Kalan,!7932,}623470,"Farmingdale, NY 11735"
87,Neveah Dean Evony,!7817,}774559,9662 Bay Ave.
88,Alonso Hopkins Caleb,!4402,}114286,"Hamburg, NY 14075"
89,Kaydence Sellers Susannah,!2794,}857949,8604 Fairfield Ave.
90,Finnegan Bray Brighton,!7429,}823005,"Wisconsin Rapids, WI 54494"
91,Gideon Arias Varian,!6306,}285690,56 Vale St.
92,Case Schultz Aiden,!9370,}315564,"Mount Juliet, TN 37122"
93,Pierre Alvarado Harriet,!1685,}42988,9523 Linda Lane
94,Esteban Bell Cameron,!5467,}865823,"Tullahoma, TN 37388"
95,Spencer Anderson Meaghan,!9596,}712362,3 Ashley Ave.
96,Seth Sweeney Jax,!9527,}410913,"Ann Arbor, MI 48103"
97,Lincoln Mason Emeline,!6760,}404116,9851 East Prince Street
98,Lindsay Curtis Syllable,!9484,}965470,"Dothan, AL 36301"
99,Noah Daugherty Thomas,!2303,}160716,"Dothan, AL 36301"
